<?xml version="1.0" encoding="UTF-8" standalone="yes"?>
<MessagePool xmlns="http://wwww.ibm.com/iib/test/1.0.0">
    <InputMessage timestamp="1659524340884" nodeId="FCMComposite_1_45" name="new message 1" id="1659524340884-1938">
        <plainText>%3Cage%3E%3Cwiek%3E15%3C%2Fwiek%3E%3C%2Fage%3E</plainText>
    </InputMessage>
    <InputMessage timestamp="1659596900948" nodeId="FCMComposite_1_45" name="new message 2" id="1659596900948-704">
        <plainText>%3Cage%3E%0D%0A%3Cwiek%3E-1%3C%2Fwiek%3E%0D%0A%3C%2Fage%3E</plainText>
    </InputMessage>
    <InputMessage timestamp="1659596935920" nodeId="FCMComposite_1_45" name="new message 3" id="1659596935920-773">
        <plainText>%3Cage%3E%3Cwiek%3E16%3C%2Fwiek%3E%3C%2Fage%3E</plainText>
    </InputMessage>
    <InputMessage timestamp="1659596954027" nodeId="FCMComposite_1_45" name="new message 4" id="1659596954027-848">
        <plainText>%3Cage%3E%3Cwiek%3E19%3C%2Fwiek%3E%3C%2Fage%3E</plainText>
    </InputMessage>
    <InputMessage timestamp="1659596975832" nodeId="FCMComposite_1_45" name="new message 5" id="1659596975832-937">
        <plainText>%3Cage%3E%3Cwiek%3E18%3C%2Fwiek%3E%3C%2Fage%3E</plainText>
    </InputMessage>
</MessagePool>
